CHROM,POS
Scate-ma1,7882091
Scate-ma1,18113052
Scate-ma1,18336456
Scate-ma1,18539743
Scate-ma1,20519487
Scate-ma1,20748773
Scate-ma1,20748790
Scate-ma1,20751634
Scate-ma1,20769773
Scate-ma1,20775477
Scate-ma1,23807737
Scate-ma1,36320495
Scate-ma1,37022949
Scate-ma1,37380912
Scate-ma1,37386821
Scate-ma1,37389581
Scate-ma1,37392894
Scate-ma1,37394099
Scate-ma1,37394344
Scate-ma1,37394683
Scate-ma1,37394749
Scate-ma1,37394797
Scate-ma1,44858866
Scate-ma1,50001574
Scate-ma1,50190468
Scate-ma1,58642087
Scate-ma1,59812219
Scate-ma1,59813888
Scate-ma1,59818181
Scate-ma1,59818190
Scate-ma1,59861383
Scate-ma1,59861426
Scate-ma1,59862070
Scate-ma1,59863988
Scate-ma1,59878167
Scate-ma1,59878209
Scate-ma1,59878442
Scate-ma1,59878472
Scate-ma1,59878479
Scate-ma1,59878893
Scate-ma1,63138313
Scate-ma1,63138319
Scate-ma1,63138356
Scate-ma1,63147742
Scate-ma1,63147748
Scate-ma1,63147757
Scate-ma1,63147796
Scate-ma1,63147822
Scate-ma1,63147834
Scate-ma1,63350786
Scate-ma1,63360135
Scate-ma1,63360150
Scate-ma1,63360161
Scate-ma1,63361519
Scate-ma1,63363381
Scate-ma1,63363456
Scate-ma1,63363770
Scate-ma1,63363848
Scate-ma1,63363858
Scate-ma1,63363872
Scate-ma1,63364712
Scate-ma1,63366490
Scate-ma1,63366510
Scate-ma1,63366568
Scate-ma1,63367728
Scate-ma1,63368455
Scate-ma1,67421278
Scate-ma1,67484948
Scate-ma1,67920363
Scate-ma1,67921111
Scate-ma1,67923549
Scate-ma1,67929207
Scate-ma1,67934566
Scate-ma1,67934590
Scate-ma1,67936803
Scate-ma1,67937104
Scate-ma1,67939097
Scate-ma1,72117727
Scate-ma1,75326555
Scate-ma1,78778408
Scate-ma1,78786443
Scate-ma1,78788120
Scate-ma1,78788596
Scate-ma1,78791631
Scate-ma1,78793090
Scate-ma1,78793153
Scate-ma1,78793187
Scate-ma1,82550954
Scate-ma1,84945478
Scate-ma1,87613478
Scate-ma1,87613555
Scate-ma1,87613831
Scate-ma1,87613945
Scate-ma1,92514536
Scate-ma1,94753643
Scate-ma1,98394237
Scate-ma1,99675488
Scate-ma1,99675516
Scate-ma1,99675596
Scate-ma1,99675632
Scate-ma1,99676028
Scate-ma1,99676030
Scate-ma1,99683387
Scate-ma1,99683390
Scate-ma1,118992235
Scate-ma1,118992366
Scate-ma1,118992939
Scate-ma1,118992943
Scate-ma1,118992951
Scate-ma1,118992956
Scate-ma1,118992963
Scate-ma1,118993019
Scate-ma1,118993168
Scate-ma1,119002079
Scate-ma1,121855073
Scate-ma1,127074033
Scate-ma1,130962108
Scate-ma1,130962129
Scate-ma1,130970021
Scate-ma1,130970131
Scate-ma1,130970153
Scate-ma1,130970198
Scate-ma1,130970199
Scate-ma1,131007042
Scate-ma1,135932475
Scate-ma1,141413425
Scate-ma1,141538881
Scate-ma1,152954106
Scate-ma1,154655001
Scate-ma1,158041254
Scate-ma1,158052885
Scate-ma1,158052972
Scate-ma1,158053005
Scate-ma1,158053005
Scate-ma1,158053082
Scate-ma1,158054924
Scate-ma1,158054937
Scate-ma1,158056030
Scate-ma1,172087554
Scate-ma1,172087774
Scate-ma1,172087789
Scate-ma1,172087909
Scate-ma1,172087909
Scate-ma1,182229286
Scate-ma1,188690274
Scate-ma1,188690566
Scate-ma1,188691058
Scate-ma1,188691113
Scate-ma1,188694429
Scate-ma1,188694750
Scate-ma1,189890386
Scate-ma1,189890526
Scate-ma1,189890659
Scate-ma1,189890670
Scate-ma1,189890685
Scate-ma1,189891153
Scate-ma1,189891235
Scate-ma1,189891243
Scate-ma1,189891279
Scate-ma1,189891307
Scate-ma1,189891357
Scate-ma1,189891367
Scate-ma1,189891383
Scate-ma1,189891384
Scate-ma1,189891399
Scate-ma1,192745209
Scate-ma1,192745442
Scate-ma1,192749642
Scate-ma1,192753831
Scate-ma1,192759489
Scate-ma1,192761494
Scate-ma1,192771527
Scate-ma1,211203878
Scate-ma1,211206384
Scate-ma1,211208703
Scate-ma1,211211357
Scate-ma1,211211434
Scate-ma1,211211588
Scate-ma1,211536557
Scate-ma1,220559181
Scate-ma1,220820560
Scate-ma1,220820569
Scate-ma1,220823351
Scate-ma1,220840161
Scate-ma1,221908783
Scate-ma1,221919105
Scate-ma1,222312557
Scate-ma1,222320195
Scate-ma1,222320216
Scate-ma1,222325553
Scate-ma1,222327896
Scate-ma1,222331740
Scate-ma1,222331770
Scate-ma1,222335358
Scate-ma1,222335386
Scate-ma1,222337363
Scate-ma1,222338527
Scate-ma1,223149320
Scate-ma1,223149356
Scate-ma1,223149358
Scate-ma1,223149370
Scate-ma1,223149518
Scate-ma1,223150204
Scate-ma1,224135950
Scate-ma1,226983055
Scate-ma1,226983089
Scate-ma1,226983554
Scate-ma1,226983577
Scate-ma1,226983665
Scate-ma1,226983787
Scate-ma1,230061344
Scate-ma1,230544328
Scate-ma1,234295501
Scate-ma1,236792147
Scate-ma1,236795604
Scate-ma1,236795616
Scate-ma1,239015107
Scate-ma1,239015110
Scate-ma1,239015163
Scate-ma1,239015172
Scate-ma1,239028962
Scate-ma1,239030264
Scate-ma1,239032668
Scate-ma1,239032697
Scate-ma1,239035989
Scate-ma1,246584844
Scate-ma1,246834986
Scate-ma1,246835591
Scate-ma1,246836418
Scate-ma1,246844463
Scate-ma1,246855051
Scate-ma1,246858538
Scate-ma1,246859593
Scate-ma1,253868107
Scate-ma1,253868156
Scate-ma1,253868195
Scate-ma1,253868219
Scate-ma1,253873420
Scate-ma1,256419907
Scate-ma1,256436461
Scate-ma1,256436490
Scate-ma1,256444688
Scate-ma1,256444742
Scate-ma1,256452843
Scate-ma1,264596750
Scate-ma1,264598651
Scate-ma1,268720358
Scate-ma1,268729013
Scate-ma1,275478455
Scate-ma1,285727668
Scate-ma1,290138992
Scate-ma1,294291938
Scate-ma1,300529219
Scate-ma1,300543925
Scate-ma1,300543932
Scate-ma1,300544322
Scate-ma1,300544325
Scate-ma1,300544337
Scate-ma1,300544346
Scate-ma1,300544379
Scate-ma1,300544384
Scate-ma1,300544389
Scate-ma1,300544390
Scate-ma1,300544393
Scate-ma1,300544408
Scate-ma1,300544414
Scate-ma1,300544418
Scate-ma1,300544445
Scate-ma1,300544487
Scate-ma1,306454042
Scate-ma1,309232146
Scate-ma1,313534472
Scate-ma1,314098150
Scate-ma1,314109576
Scate-ma1,314113199
Scate-ma1,314117122
Scate-ma1,314117357
Scate-ma1,314117677
Scate-ma1,314118293
Scate-ma1,314118399
Scate-ma1,314118772
Scate-ma1,314118779
Scate-ma1,314118933
Scate-ma1,319091375
Scate-ma1,320476159
Scate-ma1,324270477
Scate-ma1,324271266
Scate-ma1,324271703
Scate-ma1,324273189
Scate-ma1,324273195
Scate-ma1,331451326
Scate-ma1,332455832
Scate-ma1,332455892
Scate-ma1,332459646
Scate-ma1,332459657
Scate-ma1,332476823
Scate-ma1,332476862
Scate-ma1,332477049
Scate-ma1,332477065
Scate-ma1,332478071
Scate-ma1,332478076
Scate-ma1,332478077
Scate-ma1,332478088
Scate-ma1,333467797
Scate-ma1,333467854
Scate-ma1,333476483
Scate-ma1,333476489
Scate-ma1,333476492
Scate-ma1,333476895
Scate-ma1,333478634
Scate-ma1,333478649
Scate-ma1,333478666
Scate-ma1,333478678
Scate-ma1,335228470
Scate-ma1,335228473
Scate-ma1,335228744
Scate-ma1,335229571
Scate-ma1,335230234
Scate-ma1,336169434
Scate-ma1,336184528
Scate-ma1,336202373
Scate-ma1,336202375
Scate-ma1,336202378
Scate-ma1,336202384
Scate-ma1,336202388
Scate-ma1,336202405
Scate-ma1,336202426
Scate-ma1,336202432
Scate-ma1,336202433
Scate-ma1,336202435
Scate-ma1,336202442
Scate-ma1,336240859
Scate-ma1,336240869
Scate-ma1,336240913
Scate-ma1,336240946
Scate-ma1,336249832
Scate-ma1,336357545
Scate-ma1,336357555
Scate-ma2,321366
Scate-ma2,2356119
Scate-ma2,4576765
Scate-ma2,4576804
Scate-ma2,4576837
Scate-ma2,6071908
Scate-ma2,17944371
Scate-ma2,17948115
Scate-ma2,17948121
Scate-ma2,17948122
Scate-ma2,17948151
Scate-ma2,17948173
Scate-ma2,28633179
Scate-ma2,30599208
Scate-ma2,30601247
Scate-ma2,30601257
Scate-ma2,30601308
Scate-ma2,30604033
Scate-ma2,30604045
Scate-ma2,30604067
Scate-ma2,30604082
Scate-ma2,30615669
Scate-ma2,30631804
Scate-ma2,30632366
Scate-ma2,30640263
Scate-ma2,40036582
Scate-ma2,40036645
Scate-ma2,40037405
Scate-ma2,40043774
Scate-ma2,40043775
Scate-ma2,43741409
Scate-ma2,46355947
Scate-ma2,55627027
Scate-ma2,64885216
Scate-ma2,64886412
Scate-ma2,64888162
Scate-ma2,68260004
Scate-ma2,68284395
Scate-ma2,68284397
Scate-ma2,68284524
Scate-ma2,68286401
Scate-ma2,68289484
Scate-ma2,68301823
Scate-ma2,68302785
Scate-ma2,68302821
Scate-ma2,68310979
Scate-ma2,69243716
Scate-ma2,71121302
Scate-ma2,71121304
Scate-ma2,74620226
Scate-ma2,74621016
Scate-ma2,74621077
Scate-ma2,74624213
Scate-ma2,74624244
Scate-ma2,74624387
Scate-ma2,74624421
Scate-ma2,74624564
Scate-ma2,74624570
Scate-ma2,77477836
Scate-ma2,77519985
Scate-ma2,77520918
Scate-ma2,77539446
Scate-ma2,80070191
Scate-ma2,80070194
Scate-ma2,80070202
Scate-ma2,80070211
Scate-ma2,80988939
Scate-ma2,80989162
Scate-ma2,80989198
Scate-ma2,85939227
Scate-ma2,85940323
Scate-ma2,85940339
Scate-ma2,85940357
Scate-ma2,85940374
Scate-ma2,85941758
Scate-ma2,85946625
Scate-ma2,85946634
Scate-ma2,88938346
Scate-ma2,89098187
Scate-ma2,91132332
Scate-ma2,91133259
Scate-ma2,91159301
Scate-ma2,91159317
Scate-ma2,91160299
Scate-ma2,91160869
Scate-ma2,91160874
Scate-ma2,91161391
Scate-ma2,92945542
Scate-ma2,93445079
Scate-ma2,95929225
Scate-ma2,97701621
Scate-ma2,108007369
Scate-ma2,108007658
Scate-ma2,108010057
Scate-ma2,108010352
Scate-ma2,108012697
Scate-ma2,108032789
Scate-ma2,109232947
Scate-ma2,109486185
Scate-ma2,110456821
Scate-ma2,110493539
Scate-ma2,112797766
Scate-ma2,113056070
Scate-ma2,113056172
Scate-ma2,113056322
Scate-ma2,113056328
Scate-ma2,113062740
Scate-ma2,113064369
Scate-ma2,113064750
Scate-ma2,113064750
Scate-ma2,113064812
Scate-ma2,113064818
Scate-ma2,113064885
Scate-ma2,113064885
Scate-ma2,113176494
Scate-ma2,121041553
Scate-ma2,122672258
Scate-ma2,123660163
Scate-ma2,123664833
Scate-ma2,123664856
Scate-ma2,123666723
Scate-ma2,123673476
Scate-ma2,123699376
Scate-ma2,130066475
Scate-ma2,134830520
Scate-ma2,135612026
Scate-ma2,135612159
Scate-ma2,135612186
Scate-ma2,135612617
Scate-ma2,135612945
Scate-ma2,135613013
Scate-ma2,135613137
Scate-ma2,135613251
Scate-ma2,135613611
Scate-ma2,135615247
Scate-ma2,135615254
Scate-ma2,135615350
Scate-ma2,135615358
Scate-ma2,135615358
Scate-ma2,136080933
Scate-ma2,136080933
Scate-ma2,136094339
Scate-ma2,136099411
Scate-ma2,136099433
Scate-ma2,136798591
Scate-ma2,136803131
Scate-ma2,136810212
Scate-ma2,136810238
Scate-ma2,136810292
Scate-ma2,136810349
Scate-ma2,136811295
Scate-ma2,139085378
Scate-ma2,141774290
Scate-ma2,145005990
Scate-ma2,145006034
Scate-ma2,145006126
Scate-ma2,145069494
Scate-ma2,145069593
Scate-ma2,145070701
Scate-ma2,145070726
Scate-ma2,145070752
Scate-ma2,145070788
Scate-ma2,145070861
Scate-ma2,145070888
Scate-ma2,145071593
Scate-ma2,145229625
Scate-ma2,145229631
Scate-ma2,145229632
Scate-ma2,145229643
Scate-ma2,145229651
Scate-ma2,145229880
Scate-ma2,145229921
Scate-ma2,145229962
Scate-ma2,145236658
Scate-ma2,145237316
Scate-ma2,145237529
Scate-ma2,145240776
Scate-ma2,146659723
Scate-ma2,147135499
Scate-ma2,155385864
Scate-ma2,155390460
Scate-ma2,155396837
Scate-ma2,155446394
Scate-ma2,155447328
Scate-ma2,155457768
Scate-ma2,155460887
Scate-ma2,156411129
Scate-ma2,161850397
Scate-ma2,161867299
Scate-ma2,170925218
Scate-ma2,176148382
Scate-ma2,176163825
Scate-ma2,176163878
Scate-ma2,178263405
Scate-ma2,184446456
Scate-ma2,193952361
Scate-ma2,197719271
Scate-ma2,197719442
Scate-ma2,197720530
Scate-ma2,197720535
Scate-ma2,197720539
Scate-ma2,197720571
Scate-ma2,197720630
Scate-ma2,197720655
Scate-ma2,197721920
Scate-ma2,197722023
Scate-ma2,197722028
Scate-ma2,197722032
Scate-ma2,197722038
Scate-ma2,197722046
Scate-ma2,197722719
Scate-ma2,197722719
Scate-ma2,197722720
Scate-ma2,197722721
Scate-ma2,197722758
Scate-ma2,197722760
Scate-ma2,197722762
Scate-ma2,197722776
Scate-ma2,197722782
Scate-ma2,197722910
Scate-ma2,197722911
Scate-ma2,197722917
Scate-ma2,197722962
Scate-ma2,198008400
Scate-ma2,198075552
Scate-ma2,200912403
Scate-ma2,200921595
Scate-ma2,205756121
Scate-ma2,205756173
Scate-ma2,205757877
Scate-ma2,205765907
Scate-ma2,211284712
Scate-ma2,211292972
Scate-ma2,211305435
Scate-ma2,211305438
Scate-ma2,211305463
Scate-ma2,217887769
Scate-ma2,217887787
Scate-ma2,217888285
Scate-ma2,217888325
Scate-ma2,217895556
Scate-ma2,217896597
Scate-ma2,217901919
Scate-ma2,238307622
Scate-ma2,238307656
Scate-ma2,238307691
Scate-ma2,238307760
Scate-ma2,238308005
Scate-ma2,238309208
Scate-ma2,238666771
Scate-ma2,238705999
Scate-ma2,238706017
Scate-ma2,238819866
Scate-ma2,240349377
Scate-ma2,240357054
Scate-ma2,240361708
Scate-ma2,240361747
Scate-ma2,240361891
Scate-ma2,240809262
Scate-ma2,240811946
Scate-ma2,240814445
Scate-ma2,240815563
Scate-ma2,240815567
Scate-ma2,243071785
Scate-ma2,243090298
Scate-ma2,244139059
Scate-ma2,244139178
Scate-ma2,244141788
Scate-ma2,244141796
Scate-ma2,244142064
Scate-ma2,244142080
Scate-ma2,244142159
Scate-ma2,244142242
Scate-ma2,244142301
Scate-ma2,244142319
Scate-ma2,244142325
Scate-ma2,244142333
Scate-ma2,244142338
Scate-ma2,244142348
Scate-ma2,244142368
Scate-ma2,244142370
Scate-ma2,244142387
Scate-ma2,244142388
Scate-ma2,244142389
Scate-ma2,244142394
Scate-ma2,244142403
Scate-ma2,244142409
Scate-ma2,244142417
Scate-ma2,244142566
Scate-ma2,244142611
Scate-ma2,244142647
Scate-ma2,244142713
Scate-ma2,244142746
Scate-ma2,244142758
Scate-ma2,244142833
Scate-ma2,244144739
Scate-ma2,244144762
Scate-ma2,244144826
Scate-ma2,245716161
Scate-ma2,246196434
Scate-ma2,246196600
Scate-ma2,246196633
Scate-ma2,246196674
Scate-ma2,246196684
Scate-ma2,246205700
Scate-ma2,246205701
Scate-ma2,246205708
Scate-ma2,246205789
Scate-ma2,246205792
Scate-ma2,246208549
Scate-ma2,246208620
Scate-ma2,246208625
Scate-ma2,246208648
Scate-ma2,246208661
Scate-ma2,246208665
Scate-ma2,246208678
Scate-ma2,246208679
Scate-ma2,246208684
Scate-ma2,246208688
Scate-ma2,246208693
Scate-ma2,246208696
Scate-ma2,246208707
Scate-ma2,246208709
Scate-ma2,246208714
Scate-ma2,246208727
Scate-ma2,246208733
Scate-ma2,246208765
Scate-ma2,246208767
Scate-ma2,246208787
Scate-ma2,246208804
Scate-ma2,246208816
Scate-ma2,246208817
Scate-ma2,246208829
Scate-ma2,246227684
Scate-ma2,246489065
Scate-ma2,248420010
Scate-ma2,248420047
Scate-ma2,251816198
Scate-ma2,251964902
Scate-ma2,256084796
Scate-ma2,256423892
Scate-ma2,256690843
Scate-ma2,256730163
Scate-ma2,256790363
Scate-ma2,256790364
Scate-ma2,256790366
Scate-ma2,256790371
Scate-ma2,256790374
Scate-ma2,256790375
Scate-ma2,256790377
Scate-ma2,256790383
Scate-ma2,256790383
Scate-ma2,256790387
Scate-ma2,256790387
Scate-ma2,256790435
Scate-ma2,256790465
Scate-ma2,256790482
Scate-ma2,256790503
Scate-ma2,256790510
Scate-ma2,256790587
Scate-ma2,256795101
Scate-ma2,256795103
Scate-ma2,256795110
Scate-ma2,256795798
Scate-ma2,256795799
Scate-ma2,256795804
Scate-ma2,256795811
Scate-ma2,256795850
Scate-ma2,256795853
Scate-ma2,256796167
Scate-ma2,256796186
Scate-ma2,256796240
Scate-ma2,256796407
Scate-ma2,256796448
Scate-ma2,256799174
Scate-ma2,256799213
Scate-ma2,256799228
Scate-ma2,256800303
Scate-ma2,256800308
Scate-ma2,256800319
Scate-ma2,256800320
Scate-ma2,256800322
Scate-ma2,256800325
Scate-ma2,256800344
Scate-ma2,256800359
Scate-ma2,256800368
Scate-ma2,256800371
Scate-ma2,256800382
Scate-ma2,256800385
Scate-ma2,256800392
Scate-ma2,256800394
Scate-ma2,256800406
Scate-ma2,256800412
Scate-ma2,256800439
Scate-ma2,256800445
Scate-ma2,256800447
Scate-ma2,256800464
Scate-ma2,256800470
Scate-ma2,256800472
Scate-ma2,256800477
Scate-ma2,256800503
Scate-ma2,256800507
Scate-ma2,256800557
Scate-ma2,256803699
Scate-ma2,256803730
Scate-ma2,256803731
Scate-ma2,256803736
Scate-ma2,256803740
Scate-ma2,256803754
Scate-ma2,256803770
Scate-ma2,256803834
Scate-ma2,256803836
Scate-ma2,256803848
Scate-ma2,256803862
Scate-ma2,256803864
Scate-ma2,256803869
Scate-ma2,256803886
Scate-ma2,256803890
Scate-ma2,256803893
Scate-ma2,256803897
Scate-ma2,256803905
Scate-ma2,256803907
Scate-ma2,256803910
Scate-ma2,256803935
Scate-ma2,256806748
Scate-ma2,256806759
Scate-ma2,256806762
Scate-ma2,256806783
Scate-ma2,256806793
Scate-ma2,256886421
Scate-ma2,256928377
Scate-ma2,256928387
Scate-ma2,256928417
Scate-ma2,256976217
Scate-ma2,256976262
Scate-ma2,256976287
Scate-ma2,256976313
Scate-ma2,256976329
Scate-ma2,256976331
Scate-ma2,256976338
Scate-ma2,256976388
Scate-ma2,256976389
Scate-ma2,256976389
Scate-ma2,256976442
Scate-ma2,256976443
Scate-ma2,256976454
Scate-ma2,256976478
Scate-ma2,256976484
Scate-ma2,256976489
Scate-ma2,256976515
Scate-ma2,256976547
Scate-ma2,256976559
Scate-ma2,256976561
Scate-ma2,256976562
Scate-ma2,256976563
Scate-ma2,256976567
Scate-ma2,256976577
Scate-ma2,256976583
Scate-ma2,256980276
Scate-ma2,256980283
Scate-ma2,256980284
Scate-ma2,256980304
Scate-ma2,256980318
Scate-ma2,256980327
Scate-ma2,256980361
Scate-ma2,256980369
Scate-ma2,256980378
Scate-ma2,256980391
Scate-ma2,256980397
Scate-ma2,256980406
Scate-ma2,256980410
Scate-ma2,256980415
Scate-ma2,256980421
Scate-ma2,256980430
Scate-ma2,256980436
Scate-ma2,256980438
Scate-ma2,257058679
Scate-ma2,257058691
Scate-ma2,257058716
Scate-ma2,257058725
Scate-ma2,257058736
Scate-ma2,257058742
Scate-ma2,257058761
Scate-ma2,257058775
Scate-ma2,257058788
Scate-ma2,257058803
Scate-ma2,257058839
Scate-ma2,257058861
Scate-ma2,257058861
Scate-ma2,257058862
Scate-ma2,257058863
Scate-ma2,257058940
Scate-ma2,257058989
Scate-ma2,257059008
Scate-ma2,257059024
Scate-ma2,257059025
Scate-ma2,257059058
Scate-ma2,257059090
Scate-ma2,257059102
Scate-ma2,257059106
Scate-ma2,257059156
Scate-ma2,257060209
Scate-ma2,257060233
Scate-ma2,257060275
Scate-ma2,257060279
Scate-ma2,257060375
Scate-ma2,257060399
Scate-ma2,257060400
Scate-ma2,257060403
Scate-ma2,257061759
Scate-ma2,257061776
Scate-ma2,257061796
Scate-ma2,257061800
Scate-ma2,257061806
Scate-ma2,257061827
Scate-ma2,257061870
Scate-ma2,257061872
Scate-ma2,257061888
Scate-ma2,257061890
Scate-ma2,257061897
Scate-ma2,257061954
Scate-ma2,257061962
Scate-ma2,257061971
Scate-ma2,257061984
Scate-ma2,257061990
Scate-ma2,257065036
Scate-ma2,257065036
Scate-ma2,257065038
Scate-ma2,257065049
Scate-ma2,257065052
Scate-ma2,257065059
Scate-ma2,257078700
Scate-ma2,257078705
Scate-ma2,257116279
Scate-ma2,257119461
Scate-ma2,257119515
Scate-ma2,257119532
Scate-ma2,257119563
Scate-ma2,257119601
Scate-ma2,257119629
Scate-ma2,257125064
Scate-ma2,257125146
Scate-ma2,257125232
Scate-ma2,257128351
Scate-ma2,257128433
Scate-ma2,257128476
Scate-ma2,257128495
Scate-ma2,257128522
Scate-ma2,257128576
Scate-ma2,257128589
Scate-ma2,257128600
Scate-ma2,257128627
Scate-ma2,257128657
Scate-ma2,257128699
Scate-ma2,257128711
Scate-ma2,257128713
Scate-ma2,257128714
Scate-ma2,257128716
Scate-ma2,257128721
Scate-ma2,257128722
Scate-ma2,257128726
Scate-ma2,257128736
Scate-ma2,257128754
Scate-ma2,257194366
Scate-ma2,257194441
Scate-ma2,257194508
Scate-ma2,257194644
Scate-ma2,257194715
Scate-ma2,257196915
Scate-ma2,257196919
Scate-ma2,257196922
Scate-ma2,257196984
Scate-ma2,257197109
Scate-ma2,257197173
Scate-ma2,257197190
Scate-ma2,257197190
Scate-ma2,257237162
Scate-ma2,258591802
Scate-ma2,258594022
Scate-ma2,258614924
Scate-ma2,258621413
Scate-ma2,258686914
Scate-ma2,258687311
Scate-ma2,259673428
Scate-ma3,883533
Scate-ma3,883542
Scate-ma3,883565
Scate-ma3,890016
Scate-ma3,891142
Scate-ma3,3942387
Scate-ma3,3942390
Scate-ma3,3945472
Scate-ma3,3946379
Scate-ma3,10420202
Scate-ma3,20109291
Scate-ma3,21456720
Scate-ma3,21461816
Scate-ma3,21461862
Scate-ma3,21470520
Scate-ma3,21470521
Scate-ma3,21472625
Scate-ma3,21472736
Scate-ma3,21472766
Scate-ma3,21473875
Scate-ma3,21474060
Scate-ma3,23972471
Scate-ma3,23972472
Scate-ma3,23972473
Scate-ma3,23972523
Scate-ma3,23972595
Scate-ma3,23972641
Scate-ma3,23972643
Scate-ma3,25351247
Scate-ma3,30133397
Scate-ma3,30135148
Scate-ma3,33057158
Scate-ma3,43335288
Scate-ma3,43384417
Scate-ma3,44858376
Scate-ma3,44858378
Scate-ma3,44858390
Scate-ma3,44861160
Scate-ma3,44870935
Scate-ma3,44871351
Scate-ma3,44873170
Scate-ma3,44873294
Scate-ma3,44873591
Scate-ma3,45981418
Scate-ma3,46389229
Scate-ma3,46389230
Scate-ma3,46389246
Scate-ma3,46389249
Scate-ma3,46401866
Scate-ma3,54453811
Scate-ma3,63888748
Scate-ma3,63926675
Scate-ma3,63930094
Scate-ma3,76108377
Scate-ma3,79962834
Scate-ma3,80339386
Scate-ma3,80339398
Scate-ma3,80354679
Scate-ma3,80365663
Scate-ma3,80365679
Scate-ma3,80365706
Scate-ma3,83920665
Scate-ma3,83920671
Scate-ma3,84381335
Scate-ma3,84381363
Scate-ma3,84381389
Scate-ma3,84381722
Scate-ma3,84381855
Scate-ma3,84381867
Scate-ma3,84381882
Scate-ma3,84381944
Scate-ma3,84382067
Scate-ma3,84382205
Scate-ma3,84382220
Scate-ma3,84383018
Scate-ma3,84383352
Scate-ma3,84383363
Scate-ma3,84383402
Scate-ma3,84383476
Scate-ma3,84383859
Scate-ma3,84392589
Scate-ma3,84427807
Scate-ma3,84478313
Scate-ma3,84830434
Scate-ma3,84830505
Scate-ma3,84830843
Scate-ma3,84831027
Scate-ma3,84836700
Scate-ma3,84836793
Scate-ma3,84837371
Scate-ma3,84837629
Scate-ma3,84848177
Scate-ma3,84848496
Scate-ma3,84849071
Scate-ma3,84850032
Scate-ma3,84854174
Scate-ma3,84854258
Scate-ma3,86047052
Scate-ma3,92688657
Scate-ma3,92688785
Scate-ma3,92688797
Scate-ma3,92689658
Scate-ma3,92690403
Scate-ma3,92690451
Scate-ma3,92691680
Scate-ma3,93042436
Scate-ma3,93050236
Scate-ma3,93194150
Scate-ma3,97976823
Scate-ma3,117492381
Scate-ma3,117492430
Scate-ma3,117492459
Scate-ma3,117492473
Scate-ma3,117501850
Scate-ma3,117501862
Scate-ma3,117597565
Scate-ma3,117597589
Scate-ma3,117597592
Scate-ma3,117597700
Scate-ma3,117597825
Scate-ma3,117597918
Scate-ma3,117597988
Scate-ma3,117598194
Scate-ma3,117598195
Scate-ma3,117608943
Scate-ma3,117609867
Scate-ma3,117609970
Scate-ma3,117708148
Scate-ma3,125299872
Scate-ma3,125299931
Scate-ma3,125299970
Scate-ma3,125300102
Scate-ma3,125300120
Scate-ma3,125300179
Scate-ma3,125300189
Scate-ma3,125306554
Scate-ma3,125311263
Scate-ma3,128393231
Scate-ma3,128397104
Scate-ma3,128399624
Scate-ma3,128400552
Scate-ma3,128400617
Scate-ma3,128400632
Scate-ma3,134731424
Scate-ma3,136321278
Scate-ma3,136414670
Scate-ma3,139718715
Scate-ma3,139719902
Scate-ma3,139726488
Scate-ma3,139741654
Scate-ma3,141468853
Scate-ma3,141469650
Scate-ma3,141469947
Scate-ma3,141473721
Scate-ma3,141473793
Scate-ma3,141478533
Scate-ma3,141483979
Scate-ma3,141483993
Scate-ma3,141484026
Scate-ma3,141486943
Scate-ma3,141486983
Scate-ma3,141499499
Scate-ma3,141499627
Scate-ma3,142821792
Scate-ma3,149422360
Scate-ma3,153116970
Scate-ma3,153117095
Scate-ma3,153117107
Scate-ma3,153117536
Scate-ma3,153117620
Scate-ma3,156779664
Scate-ma3,156782165
Scate-ma3,156782300
Scate-ma3,156782329
Scate-ma3,156782335
Scate-ma3,156782341
Scate-ma3,156782470
Scate-ma3,156782512
Scate-ma3,160260691
Scate-ma3,160260769
Scate-ma3,160260773
Scate-ma3,160261624
Scate-ma3,160261626
Scate-ma3,160261723
Scate-ma3,160262674
Scate-ma3,160263536
Scate-ma3,160263539
Scate-ma3,160263550
Scate-ma3,160266402
Scate-ma3,161232421
Scate-ma3,161234315
Scate-ma3,161234344
Scate-ma3,161234369
Scate-ma3,161234557
Scate-ma3,161933294
Scate-ma3,170811161
Scate-ma3,172628626
Scate-ma3,172628658
Scate-ma3,172628662
Scate-ma3,172628734
Scate-ma3,172628754
Scate-ma3,172628778
Scate-ma3,172628800
Scate-ma3,172628850
Scate-ma3,172629172
Scate-ma3,179831373
Scate-ma3,181203184
Scate-ma3,181213562
Scate-ma3,181213622
Scate-ma3,181213665
Scate-ma3,188030344
Scate-ma3,188815474
Scate-ma3,190322815
Scate-ma3,190518472
Scate-ma3,192131930
Scate-ma3,192271299
Scate-ma3,192325865
Scate-ma3,192325907
Scate-ma3,192325922
Scate-ma3,192329201
Scate-ma3,192329245
Scate-ma3,192329246
Scate-ma3,192342037
Scate-ma3,192342065
Scate-ma3,192342125
Scate-ma3,192342130
Scate-ma3,192344536
Scate-ma3,192690611
Scate-ma3,193932730
Scate-ma3,194338247
Scate-ma3,194353124
Scate-ma3,194353141
Scate-ma3,194353141
Scate-ma3,194353192
Scate-ma3,194353193
Scate-ma3,194353193
Scate-ma3,194398458
Scate-ma3,194585551
Scate-Z,462603
Scate-Z,564762
Scate-Z,564780
Scate-Z,564821
Scate-Z,564876
Scate-Z,564990
Scate-Z,564997
Scate-Z,565062
Scate-Z,565092
Scate-Z,565145
Scate-Z,623444
Scate-Z,623560
Scate-Z,624461
Scate-Z,1009198
Scate-Z,1836776
Scate-Z,1836811
Scate-Z,1836833
Scate-Z,1836840
Scate-Z,1836853
Scate-Z,1836862
Scate-Z,1836884
Scate-Z,2327847
Scate-Z,2329920
Scate-Z,2331959
Scate-Z,2331963
Scate-Z,2331967
Scate-Z,2332098
Scate-Z,2332109
Scate-Z,2877026
Scate-Z,2877038
Scate-Z,2877239
Scate-Z,2877725
Scate-Z,2878196
Scate-Z,2878209
Scate-Z,4283116
Scate-Z,4283176
Scate-Z,4283235
Scate-Z,4283287
Scate-Z,4283305
Scate-Z,4283365
Scate-Z,4283396
Scate-Z,4283404
Scate-Z,4283511
Scate-Z,5365266
Scate-Z,5365275
Scate-Z,5665365
Scate-Z,6240162
Scate-Z,6240292
Scate-Z,6240964
Scate-Z,6241020
Scate-Z,6241026
Scate-Z,6241080
Scate-Z,7125673
Scate-Z,7167874
Scate-Z,7398033
Scate-Z,7398072
Scate-Z,7398485
Scate-Z,7398639
Scate-Z,7398750
Scate-Z,7398785
Scate-Z,7400035
Scate-Z,7400035
Scate-Z,7400059
Scate-Z,7400113
Scate-Z,7400146
Scate-Z,7400209
Scate-Z,7400232
Scate-Z,7400233
Scate-Z,7400233
Scate-Z,7400250
Scate-Z,7400268
Scate-Z,7469705
Scate-Z,7469717
Scate-Z,7469750
Scate-Z,7469825
Scate-Z,7469840
Scate-Z,7469842
Scate-Z,7469848
Scate-Z,7469855
Scate-Z,7470040
Scate-Z,7473775
Scate-Z,7473784
Scate-Z,7473785
Scate-Z,7473788
Scate-Z,7473801
Scate-Z,7473805
Scate-Z,7476573
Scate-Z,7476838
Scate-Z,7476921
Scate-Z,7477794
Scate-Z,7477801
Scate-Z,7477815
Scate-Z,7999683
Scate-Z,8489486
Scate-Z,8490884
Scate-Z,8912608
Scate-Z,9286391
Scate-Z,9289918
Scate-Z,9291629
Scate-Z,9291733
Scate-Z,9291754
Scate-Z,9291758
Scate-Z,9291767
Scate-Z,9291771
Scate-Z,9291779
Scate-Z,10155392
Scate-Z,10457486
Scate-Z,10463244
Scate-Z,10754311
Scate-Z,10754352
Scate-Z,10754353
Scate-Z,10754370
Scate-Z,10754385
Scate-Z,10754391
Scate-Z,10754449
Scate-Z,10764956
Scate-Z,12441843
Scate-Z,14746135
Scate-Z,14750672
Scate-Z,14841946
Scate-Z,15491059
Scate-Z,15495518
Scate-Z,15495574
Scate-Z,15498983
Scate-Z,16476758
Scate-Z,16830083
Scate-Z,17185897
Scate-Z,17380974
Scate-Z,17406054
Scate-Z,18046678
Scate-Z,18046691
Scate-Z,18046717
Scate-Z,18046753
Scate-Z,18046761
Scate-Z,18046770
Scate-Z,19549989
Scate-Z,19550024
Scate-Z,19550033
Scate-Z,19550063
Scate-Z,19550064
Scate-Z,19550075
Scate-Z,19550107
Scate-Z,19550108
Scate-Z,19550119
Scate-Z,19550121
Scate-Z,19550123
Scate-Z,19550124
Scate-Z,19550129
Scate-Z,19550135
Scate-Z,19550136
Scate-Z,19550138
Scate-Z,19550186
Scate-Z,19550190
Scate-Z,19550193
Scate-Z,19550210
Scate-Z,19550419
Scate-Z,19796171
Scate-Z,19796295
Scate-Z,19796303
Scate-Z,19798471
Scate-Z,19798639
Scate-Z,19798795
Scate-Z,19798820
Scate-Z,19798951
Scate-Z,19798960
Scate-Z,19798972
Scate-Z,19910593
Scate-Z,19910626
Scate-Z,19910645
Scate-Z,19910832
Scate-Z,19910842
Scate-Z,19910895
Scate-Z,19910920
Scate-Z,19910924
Scate-Z,19910950
Scate-Z,19910964
Scate-Z,19910967
Scate-Z,19910970
Scate-Z,19910984
Scate-Z,19910986
Scate-Z,19911145
Scate-Z,19911372
Scate-Z,19911411
Scate-Z,20206345
Scate-Z,20206385
Scate-Z,20206400
Scate-Z,20285999
Scate-Z,20286011
Scate-Z,20286030
Scate-Z,20286070
Scate-Z,20286079
Scate-Z,20286100
Scate-Z,20286121
Scate-Z,20286127
Scate-Z,20286131
Scate-Z,20286133
Scate-Z,20286194
Scate-Z,20287495
Scate-Z,20293279
Scate-Z,20293302
Scate-Z,20293552
Scate-Z,20293558
Scate-Z,20293563
Scate-Z,20293565
Scate-Z,20294859
Scate-Z,20295006
Scate-Z,20295009
Scate-Z,20303728
Scate-Z,20304086
Scate-Z,20304176
Scate-Z,20595230
Scate-Z,20595385
Scate-Z,20595430
Scate-Z,20595462
Scate-Z,20595552
Scate-Z,20595614
Scate-Z,20595683
Scate-Z,20597337
Scate-Z,20597377
Scate-Z,20945952
Scate-Z,20945973
Scate-Z,20945978
Scate-Z,20946680
Scate-Z,22824613
Scate-Z,24242128
Scate-Z,24244326
Scate-Z,24397362
Scate-Z,24406117
Scate-Z,28666009
Scate-Z,30062707
Scate-Z,30062726
Scate-Z,30062944
Scate-Z,30062951
Scate-Z,34668990
Scate-Z,34669016
Scate-Z,34669017
Scate-Z,34669020
Scate-Z,34669022
Scate-Z,34669043
Scate-Z,34669077
Scate-Z,34669085
Scate-Z,34669116
Scate-Z,37392422
Scate-Z,37392450
Scate-Z,37392675
Scate-Z,37392873
Scate-Z,37395247
Scate-Z,37401220
Scate-Z,37401229
Scate-Z,39946171
Scate-Z,41561993
Scate-Z,41569825
Scate-Z,41569862
Scate-Z,41569932
Scate-Z,41569980
Scate-Z,44274426
Scate-Z,45228116
Scate-Z,45231213
Scate-Z,45231264
Scate-Z,46098594
Scate-Z,52717841
Scate-Z,53165332
Scate-Z,53165360
Scate-Z,53165423
Scate-Z,53167390
Scate-Z,77075759
Scate-Z,82655622
Scate-Z,82655647
Scate-Z,82658361
Scate-Z,82663175
Scate-Z,82663181
Scate-Z,82687927
Scate-Z,82687980
Scate-Z,82690798
Scate-Z,82692792
Scate-Z,82692944
Scate-Z,82692956
Scate-Z,82693019
Scate-Z,82693107
Scate-Z,93544671
Scate-Z,96581044
Scate-Z,114265065
Scate-Z,114267275
Scate-Z,114267368
Scate-Z,114267372
Scate-Z,114267373
Scate-Z,114296794
Scate-Z,114296876
Scate-Z,114296910
Scate-Z,114297226
Scate-Z,114604463
Scate-Z,114604732
Scate-Z,124866266
Scate-Z,124866425
Scate-Z,124866688
Scate-Z,124866772
Scate-Z,124866802
Scate-Z,124867103
Scate-Z,124868236
Scate-Z,124868275
Scate-Z,124868302
Scate-Z,124868359
Scate-Z,124868422
Scate-Z,124868476
Scate-Z,124868503
Scate-Z,124868543
Scate-Z,124868554
Scate-Z,128754461
Scate-Z,130450732
Scate-Z,130450752
Scate-ma4,1697919
Scate-ma4,1698031
Scate-ma4,1698042
Scate-ma4,1702715
Scate-ma4,1704613
Scate-ma4,1711386
Scate-ma4,1711395
Scate-ma4,1711473
Scate-ma4,1895857
Scate-ma4,34604080
Scate-ma4,38678576
Scate-ma4,53418505
Scate-ma4,61327565
Scate-ma4,61330487
Scate-ma4,66935137
Scate-ma4,79284003
Scate-ma4,100950295
Scate-ma4,103087930
Scate-ma4,105319707
Scate-ma4,105325241
Scate-ma4,105928196
Scate-ma4,108885143
Scate-ma4,111892063
Scate-ma4,111892081
Scate-ma4,111892149
Scate-ma4,111892204
Scate-ma4,111892388
Scate-ma4,111892498
Scate-ma4,115419728
Scate-ma5,210543
Scate-ma5,210673
Scate-ma5,210684
Scate-ma5,210687
Scate-ma5,210688
Scate-ma5,220513
Scate-ma5,220554
Scate-ma5,220656
Scate-ma5,226589
Scate-ma5,226602
Scate-ma5,226638
Scate-ma5,226659
Scate-ma5,778585
Scate-ma5,1375898
Scate-ma5,1516518
Scate-ma5,2366758
Scate-ma5,2366759
Scate-ma5,3977052
Scate-ma5,3979555
Scate-ma5,3979606
Scate-ma5,3981379
Scate-ma5,3981974
Scate-ma5,3984694
Scate-ma5,4190566
Scate-ma5,4457169
Scate-ma5,7741425
Scate-ma5,7741469
Scate-ma5,7741474
Scate-ma5,7741486
Scate-ma5,7741522
Scate-ma5,7741523
Scate-ma5,7804348
Scate-ma5,9583429
Scate-ma5,14906457
Scate-ma5,24039608
Scate-ma5,24040075
Scate-ma5,24040078
Scate-ma5,24550480
Scate-ma5,41236348
Scate-ma5,41236729
Scate-ma5,41237068
Scate-ma5,41237778
Scate-ma5,41238459
Scate-ma5,41238754
Scate-ma5,41762216
Scate-ma5,41765051
Scate-ma5,41769785
Scate-ma5,41779928
Scate-ma5,41780015
Scate-ma5,41780105
Scate-ma5,44228039
Scate-ma5,44228757
Scate-ma5,44228892
Scate-ma5,44228896
Scate-ma5,51245319
Scate-ma5,51245836
Scate-ma5,51245928
Scate-ma5,51246988
Scate-ma5,51247030
Scate-ma5,51248935
Scate-ma5,51260996
Scate-ma5,53201024
Scate-ma5,53201039
Scate-ma5,53201050
Scate-ma5,53201339
Scate-ma5,53201426
Scate-ma5,81387481
Scate-ma5,81387571
Scate-ma5,81387571
Scate-ma5,81387573
Scate-ma5,81387615
Scate-ma5,82157188
Scate-ma5,84374482
Scate-ma5,84385251
Scate-ma5,84385259
Scate-ma5,84385283
Scate-ma5,84387319
Scate-ma5,84387336
Scate-ma5,84393878
Scate-ma5,84398345
Scate-ma5,84398365
Scate-ma5,84398404
Scate-ma5,84398492
Scate-ma5,84402140
Scate-ma5,84402264
Scate-ma5,87136567
Scate-ma5,89848365
Scate-ma5,92518179
Scate-ma6,171890
Scate-ma6,178203
Scate-ma6,178231
Scate-ma6,178250
Scate-ma6,178259
Scate-ma6,178327
Scate-ma6,179727
Scate-ma6,179741
Scate-ma6,1527328
Scate-ma6,1527339
Scate-ma6,1527426
Scate-ma6,1527486
Scate-ma6,1527511
Scate-ma6,1527546
Scate-ma6,1528742
Scate-ma6,1528763
Scate-ma6,1528796
Scate-ma6,1528797
Scate-ma6,1528821
Scate-ma6,1528839
Scate-ma6,1528879
Scate-ma6,1528881
Scate-ma6,1528886
Scate-ma6,2031593
Scate-ma6,2404032
Scate-ma6,2404185
Scate-ma6,2404209
Scate-ma6,2404377
Scate-ma6,2404408
Scate-ma6,2404549
Scate-ma6,2404633
Scate-ma6,2414134
Scate-ma6,3595264
Scate-ma6,3661085
Scate-ma6,4965119
Scate-ma6,6707057
Scate-ma6,6707057
Scate-ma6,6707060
Scate-ma6,6707093
Scate-ma6,6711934
Scate-ma6,6711990
Scate-ma6,6712021
Scate-ma6,6717333
Scate-ma6,6718105
Scate-ma6,6720534
Scate-ma6,7376177
Scate-ma6,16647379
Scate-ma6,16647389
Scate-ma6,16647394
Scate-ma6,16647398
Scate-ma6,16647469
Scate-ma6,16665818
Scate-ma6,16665862
Scate-ma6,16666717
Scate-ma6,16669066
Scate-ma6,20767137
Scate-ma6,24971252
Scate-ma6,62467328
Scate-ma6,62468848
Scate-ma6,65832116
Scate-ma6,65832204
Scate-ma6,65832222
Scate-ma6,65841517
Scate-ma6,65845805
Scate-ma6,69331385
Scate-ma6,74596493
Scate-ma6,81424610
Scate-ma6,81430574
Scate-ma6,81430660
Scate-ma6,81432571
Scate-ma6,81435785
Scate-ma6,81435898
Scate-ma6,81435999
Scate-ma6,81525340
Scate-ma6,81605139
Scate-ma6,85861158
Scate-ma6,87300608
Scate-ma6,87300661
Scate-ma6,87300686
Scate-ma6,87300736
Scate-ma6,87300754
Scate-ma6,87300755
Scate-ma6,88339288
Scate-ma6,88480880
Scate-ma6,88529878
Scate-ma6,88541837
Scate-ma6,88632112
Scate-ma6,88946820
Scate-ma6,88989963
Scate-ma7,336904
Scate-ma7,347811
Scate-ma7,350673
Scate-ma7,351160
Scate-ma7,7079085
Scate-ma7,7098992
Scate-ma7,7784557
Scate-ma7,7784661
Scate-ma7,7785270
Scate-ma7,7785485
Scate-ma7,7785828
Scate-ma7,8757209
Scate-ma7,8985656
Scate-ma7,17128539
Scate-ma7,18283449
Scate-ma7,19265291
Scate-ma7,37446735
Scate-ma7,42960784
Scate-ma7,47392741
Scate-ma7,64376601
Scate-ma7,64376605
Scate-ma7,64376608
Scate-ma7,64376614
Scate-ma7,64376615
Scate-ma7,64376620
Scate-ma7,64376630
Scate-ma7,64376638
Scate-ma7,64376647
Scate-ma7,64376657
Scate-ma7,64376670
Scate-ma7,64376714
Scate-ma7,64376736
Scate-ma7,64376745
Scate-ma7,64376767
Scate-ma7,64376788
Scate-ma7,64376821
Scate-ma7,64376839
Scate-ma7,64376840
Scate-ma7,64376843
Scate-ma7,64376850
Scate-ma7,68634519
Scate-ma7,68638152
Scate-ma7,68638153
Scate-ma7,68658602
Scate-ma7,68658625
Scate-ma7,68658658
Scate-ma7,75014452
Scate-mi1,1138547
Scate-mi1,1139763
Scate-mi1,2591277
Scate-mi1,2592995
Scate-mi1,2594136
Scate-mi1,2594300
Scate-mi1,2713514
Scate-mi1,3982501
Scate-mi1,4540660
Scate-mi1,4540662
Scate-mi1,4540676
Scate-mi1,4550376
Scate-mi1,4628791
Scate-mi1,4628807
Scate-mi1,4628830
Scate-mi1,4628855
Scate-mi1,4628863
Scate-mi1,4628870
Scate-mi1,4628894
Scate-mi1,4628911
Scate-mi1,4628912
Scate-mi1,4628915
Scate-mi1,4629292
Scate-mi1,4629299
Scate-mi1,4629356
Scate-mi1,4629380
Scate-mi1,4631863
Scate-mi1,4631891
Scate-mi1,4631906
Scate-mi1,4631996
Scate-mi1,4633380
Scate-mi1,4633391
Scate-mi1,4633394
Scate-mi1,5209881
Scate-mi1,5209894
Scate-mi1,5210040
Scate-mi1,5214688
Scate-mi1,5214713
Scate-mi1,5214892
Scate-mi1,5214893
Scate-mi1,7181971
Scate-mi1,8552365
Scate-mi1,9285702
Scate-mi1,9285717
Scate-mi1,9285718
Scate-mi1,9285718
Scate-mi1,9285753
Scate-mi1,9285807
Scate-mi1,9285816
Scate-mi1,10004149
Scate-mi1,10004267
Scate-mi1,10004601
Scate-mi1,10004814
Scate-mi1,10004877
Scate-mi1,10005387
Scate-mi1,10005389
Scate-mi1,11773476
Scate-mi1,11875538
Scate-mi1,11875730
Scate-mi1,12936692
Scate-mi1,13603170
Scate-mi1,15738936
Scate-mi1,15738939
Scate-mi1,15750545
Scate-mi1,15751679
Scate-mi1,15756236
Scate-mi1,15765320
Scate-mi1,18216247
Scate-mi1,19480164
Scate-mi1,19575376
Scate-mi1,22031764
Scate-mi1,22043488
Scate-mi2,444155
Scate-mi2,604660
Scate-mi2,605458
Scate-mi2,1354334
Scate-mi2,1390337
Scate-mi2,1621383
Scate-mi2,1621408
Scate-mi2,1621501
Scate-mi2,1624483
Scate-mi2,1624735
Scate-mi2,1624891
Scate-mi2,2277955
Scate-mi2,2277957
Scate-mi2,2278122
Scate-mi2,2278779
Scate-mi2,2278808
Scate-mi2,2278844
Scate-mi2,2279893
Scate-mi2,2695388
Scate-mi2,2809123
Scate-mi2,2809176
Scate-mi2,2809648
Scate-mi2,2809690
Scate-mi2,2809967
Scate-mi2,2925394
Scate-mi2,4039426
Scate-mi2,4039460
Scate-mi2,4039570
Scate-mi2,4039571
Scate-mi2,4039576
Scate-mi2,4563356
Scate-mi2,4563357
Scate-mi2,4563495
Scate-mi2,4563551
Scate-mi2,4567711
Scate-mi2,4567722
Scate-mi2,4567969
Scate-mi2,4568135
Scate-mi2,4570078
Scate-mi2,4570092
Scate-mi2,4570114
Scate-mi2,5548581
Scate-mi2,9860751
Scate-mi2,9866959
Scate-mi2,9867120
Scate-mi2,9868344
Scate-mi2,9868351
Scate-mi2,9882550
Scate-mi2,13800968
Scate-mi2,15412903
Scate-mi2,16039803
Scate-mi2,16040907
Scate-mi2,16040926
Scate-mi2,16040948
Scate-mi2,16041037
Scate-mi2,16119653
Scate-mi2,16152311
Scate-mi2,16152374
Scate-mi2,16152375
Scate-mi2,16152378
Scate-mi2,16153252
Scate-mi2,16154329
Scate-mi2,16157159
Scate-mi2,16159499
Scate-mi2,16166015
Scate-mi2,16167242
Scate-mi2,16269385
Scate-mi2,16269436
Scate-mi2,17898771
Scate-mi2,17898823
Scate-mi2,17898823
Scate-mi2,17899961
Scate-mi2,17899980
Scate-mi2,17902940
Scate-mi2,17904951
Scate-mi2,19653624
Scate-mi2,19653924
Scate-mi2,19657341
Scate-mi2,19657794
Scate-mi2,19657950
Scate-mi2,19700512
Scate-mi2,19701628
Scate-mi2,19701629
Scate-mi2,19705928
Scate-mi2,19706080
Scate-mi2,19706279
Scate-mi2,19707230
Scate-mi2,19707430
Scate-mi2,20214842
Scate-mi3,111575
Scate-mi3,1970903
Scate-mi3,1970910
Scate-mi3,1970914
Scate-mi3,1970922
Scate-mi3,1975620
Scate-mi3,3653547
Scate-mi3,3660196
Scate-mi3,4059852
Scate-mi3,9104067
Scate-mi3,9104089
Scate-mi3,9106200
Scate-mi3,9110305
Scate-mi3,9110350
Scate-mi3,9577165
Scate-mi3,10328291
Scate-mi3,13739925
Scate-mi3,14449263
Scate-mi3,14449615
Scate-mi3,14449822
Scate-mi3,14449958
Scate-mi3,14449964
Scate-mi3,14450126
Scate-mi3,14450315
Scate-mi3,14450507
Scate-mi3,14450524
Scate-mi3,14450617
Scate-mi3,14450759
Scate-mi3,15120241
Scate-mi3,18931617
Scate-mi3,18931623
Scate-mi3,18933398
Scate-mi4,605742
Scate-mi4,1906802
Scate-mi4,1909049
Scate-mi4,1909755
Scate-mi4,1912250
Scate-mi4,1912280
Scate-mi4,1912281
Scate-mi4,1994667
Scate-mi4,2187273
Scate-mi4,2191671
Scate-mi4,2191956
Scate-mi4,2317166
Scate-mi4,2332308
Scate-mi4,7935981
Scate-mi4,7936077
Scate-mi4,7936087
Scate-mi4,7936240
Scate-mi4,17082212
Scate-mi4,17082879
Scate-mi4,17083086
Scate-mi4,17083147
Scate-mi4,17083187
Scate-mi4,17085196
Scate-mi4,17085218
Scate-mi4,17085378
Scate-mi4,17089635
Scate-mi4,17093687
Scate-mi4,17093710
Scate-mi4,17093712
Scate-mi4,17093990
Scate-mi4,17095355
Scate-mi4,17095725
Scate-mi4,17095740
Scate-mi4,17096408
Scate-mi4,17097045
Scate-mi4,17221896
Scate-mi4,17222723
Scate-mi4,17222728
Scate-mi4,17223755
Scate-mi4,17226376
Scate-mi4,17226804
Scate-mi4,17226920
Scate-mi4,17226932
Scate-mi4,17227056
Scate-mi4,17228356
Scate-mi4,17234259
Scate-mi4,17236405
Scate-mi4,17236471
Scate-mi4,17236483
Scate-mi4,17236607
Scate-mi4,17237178
Scate-mi4,17245885
Scate-mi4,17245976
Scate-mi4,17247312
Scate-mi5,52331
Scate-mi5,1360885
Scate-mi5,3869052
Scate-mi5,3872893
Scate-mi5,3872980
Scate-mi5,6199461
Scate-mi5,6202412
Scate-mi5,6202417
Scate-mi5,6202521
Scate-mi5,6760086
Scate-mi5,6762249
Scate-mi5,6763908
Scate-mi5,6764317
Scate-mi5,6765829
Scate-mi5,6766000
Scate-mi5,6768155
Scate-mi5,6770987
Scate-mi5,8063595
Scate-mi5,10517795
Scate-mi5,11205811
Scate-mi5,11205838
Scate-mi5,11205859
Scate-mi5,11205898
Scate-mi5,11205900
Scate-mi5,11213307
Scate-mi5,11219289
Scate-mi5,11219302
Scate-mi5,11219302
Scate-mi5,11228452
Scate-mi5,11231638
Scate-mi5,11231737
Scate-mi5,11232908
Scate-mi5,11235327
Scate-mi5,13352816
Scate-mi5,14867557
Scate-mi5,15103321
Scate-mi5,15812275
Scate-mi5,15821447
Scate-mi6,2353345
Scate-mi6,2355360
Scate-mi6,2357872
Scate-mi6,2358699
Scate-mi6,2361792
Scate-mi6,2363015
Scate-mi6,2363081
Scate-mi6,2363443
Scate-mi6,2365497
Scate-mi6,2382843
Scate-mi6,4384865
Scate-mi6,4682171
Scate-mi6,4682320
Scate-mi6,4682550
Scate-mi6,4682791
Scate-mi6,4685270
Scate-mi6,4685276
Scate-mi6,4686285
Scate-mi6,8165270
Scate-mi6,8180523
Scate-mi6,8180745
Scate-mi6,8180945
Scate-mi6,8181562
Scate-mi6,8181569
Scate-mi6,8181584
Scate-mi6,8898857
Scate-mi6,8898860
Scate-mi6,8898869
Scate-mi6,8898890
Scate-mi6,8898932
Scate-mi6,8898944
Scate-mi6,9112923
Scate-mi6,9118138
Scate-mi6,9118998
Scate-mi6,9118999
Scate-mi6,9119076
Scate-mi6,9498653
Scate-mi6,9623496
Scate-mi6,13719593
Scate-mi6,13719593
Scate-mi6,14410499
Scate-mi6,15051578
Scate-mi6,15051770
Scate-mi7,1632135
Scate-mi7,2046561
Scate-mi7,2046570
Scate-mi7,2048004
Scate-mi7,2048501
Scate-mi7,2048514
Scate-mi7,2144311
Scate-mi7,3748349
Scate-mi7,3748673
Scate-mi7,3748680
Scate-mi7,3749079
Scate-mi7,3842423
Scate-mi7,5677500
Scate-mi7,5677633
Scate-mi7,5687744
Scate-mi7,5687842
Scate-mi7,5688380
Scate-mi7,5688498
Scate-mi7,5688749
Scate-mi7,5688896
Scate-mi7,5691229
Scate-mi7,6509092
Scate-mi7,7197244
Scate-mi7,8370179
Scate-mi7,8370299
Scate-mi7,8370448
Scate-mi7,8370545
Scate-mi7,8370563
Scate-mi7,8370739
Scate-mi7,9385093
Scate-mi7,9621144
Scate-mi7,9621144
Scate-mi7,9626017
Scate-mi7,10000076
Scate-mi7,10000119
Scate-mi7,10000253
Scate-mi7,10000319
Scate-mi7,10000348
Scate-mi7,10195798
Scate-mi7,10460148
Scate-mi7,10713280
Scate-mi7,10716866
Scate-mi7,10912133
Scate-mi7,10912645
Scate-mi7,10912668
Scate-mi7,10912669
Scate-mi7,10912693
Scate-mi7,11102988
Scate-mi7,11397491
Scate-mi7,11397495
Scate-mi7,11397498
Scate-mi7,11397723
Scate-mi7,11397814
Scate-mi7,11402004
Scate-mi7,11402441
Scate-mi7,11402792
Scate-mi7,11402842
Scate-mi7,11647760
Scate-mi8,1171574
Scate-mi8,1171655
Scate-mi8,1171715
Scate-mi8,1171916
Scate-mi8,2082038
Scate-mi8,2333438
Scate-mi8,2570797
Scate-mi8,2570801
Scate-mi8,3718358
Scate-mi8,4630302
Scate-mi8,4630408
Scate-mi8,4630438
Scate-mi8,4632340
Scate-mi8,4632435
Scate-mi8,4632613
Scate-mi8,4632643
Scate-mi8,4632651
Scate-mi8,4762439
Scate-mi8,5524242
Scate-mi8,6066235
Scate-mi8,6066637
Scate-mi8,6066688
Scate-mi8,6066699
Scate-mi8,6066723
Scate-mi8,6100136
Scate-mi8,6100421
Scate-mi8,6100424
Scate-mi8,6196877
Scate-mi8,6560774
Scate-mi8,7321726
Scate-mi8,7828519
Scate-mi8,8468163
Scate-mi8,8468170
Scate-mi8,8468621
Scate-mi8,8468622
Scate-mi8,8469012
Scate-mi8,8469038
Scate-mi8,8469038
Scate-mi8,8469039
Scate-mi8,8469282
Scate-mi8,8470481
Scate-mi8,8471538
Scate-mi8,8472055
Scate-mi8,8472090
Scate-mi8,8730218
Scate-mi8,9154088
Scate-mi9,488561
Scate-mi9,488625
Scate-mi9,489432
Scate-mi9,646330
Scate-mi9,646338
Scate-mi9,647117
Scate-mi9,651127
Scate-mi9,651508
Scate-mi9,2780135
Scate-mi9,2780196
Scate-mi9,2803188
Scate-mi9,4066516
Scate-mi9,5723864
Scate-mi9,5724013
Scate-mi9,6411091
Scate-mi9,6411189
Scate-mi9,6411559
Scate-mi9,6411774
Scate-mi9,6411802
Scate-mi9,6411828
Scate-mi9,6683164
Scate-mi9,7814071
Scate-mi9,7814383
Scate-mi9,7814389
Scate-mi9,8138585
Scate-mi9,8190490
Scate-mi9,8190496
Scate-mi9,8190639
Scate-mi9,8190650
Scate-mi9,8190654
Scate-mi9,8190687
Scate-mi9,8190710
Scate-mi9,8190711
Scate-mi9,8190749
Scate-mi9,8190774
Scate-mi9,8207096
Scate-mi9,8211511
Scate-mi9,8211511
Scate-mi10,269607
Scate-mi10,1530230
Scate-mi10,1545096
Scate-mi10,2870101
Scate-mi10,3146089
Scate-mi10,3146108
Scate-mi10,3146108
Scate-mi10,3146176
Scate-mi10,3152107
Scate-mi10,3153885
Scate-mi10,3153969
Scate-mi10,3186369
Scate-mi10,3670842
Scate-mi10,4436779
Scate-mi10,4452623
Scate-mi10,4527738
Scate-mi10,5062183
Scate-mi10,5069483
Scate-mi10,5069486
Scate-mi10,5069494
Scate-mi10,5069516
Scate-mi10,6348883
Scate-mi10,6349366
Scate-mi10,6350223
Scate-un2,179012
Scate-un2,487134
Scate-un2,496471
Scate-un2,553713
Scate-un2,567837
Scate-un2,571349
Scate-un2,571376
Scate-un2,571389
Scate-un2,571394
Scate-un2,571407
Scate-un2,571421
Scate-un2,571460
Scate-un2,571467
Scate-un2,571472
Scate-un2,571473
Scate-un2,571478
Scate-un2,571498
Scate-un2,571512
Scate-un2,571533
Scate-un2,571539
Scate-un2,571559
Scate-un2,571565
Scate-un2,571572
Scate-un2,571580
Scate-un2,571587
Scate-un2,571592
Scate-un2,571602
Scate-un2,571605
Scate-un2,571607
Scate-un2,571641
Scate-un2,571652
Scate-un2,571662
Scate-un2,571677
Scate-un2,571679
Scate-un2,571697
Scate-un2,571733
Scate-un2,571736
Scate-un2,571769
Scate-un2,571778
Scate-un2,571780
Scate-un2,571788
Scate-un2,571821
Scate-un2,572405
Scate-un2,572422
Scate-un2,572426
Scate-un2,572439
Scate-un2,572958
Scate-un2,573051
Scate-un2,573053
Scate-un2,573099
Scate-un2,573111
Scate-un2,573115
Scate-un2,573120
Scate-un2,573129
Scate-un2,573141
Scate-un2,573144
Scate-un2,573152
Scate-un2,573183
Scate-un2,573184
Scate-un2,573199
Scate-un2,573205
Scate-un2,573233
Scate-un2,573238
Scate-un2,573265
Scate-un2,573319
Scate-un2,573340
Scate-un2,573369
Scate-un2,573493
Scate-un2,573496
Scate-un2,573532
Scate-un2,573535
Scate-un2,576201
Scate-un2,576247
Scate-un2,576262
Scate-un2,576263
Scate-un2,576357
Scate-un2,576364
Scate-un2,576406
Scate-un2,576436
Scate-un2,576457
Scate-un2,576475
Scate-un2,576496
Scate-un2,576502
Scate-un2,576511
Scate-un2,576513
Scate-un2,576565
Scate-un2,576568
Scate-un2,576577
Scate-un2,576583
Scate-un2,576598
Scate-un2,576609
Scate-un2,576616
Scate-un2,576637
Scate-un2,576651
Scate-un2,576655
Scate-un2,576666
Scate-un2,576672
Scate-un2,576683
Scate-un2,576712
Scate-un2,576730
Scate-un2,576769
Scate-un2,576802
Scate-un2,581060
Scate-un2,613106
Scate-un2,613225
Scate-un2,613238
Scate-un2,613261
Scate-un2,613316
Scate-un2,613395
Scate-un2,613463
Scate-un2,613565
Scate-un2,616816
Scate-un2,616862
Scate-un2,616881
Scate-un2,616896
Scate-un2,616905
Scate-un2,616933
Scate-un2,616941
Scate-un2,616949
Scate-un2,616953
Scate-un2,616973
Scate-un2,616990
Scate-un2,616996
Scate-un2,616997
Scate-un2,617001
Scate-un2,617004
Scate-un2,617037
Scate-un2,617043
Scate-un2,617053
Scate-un2,617056
Scate-un2,617066
Scate-un2,617068
Scate-un2,617069
Scate-un2,617071
Scate-un2,617073
Scate-un2,617100
Scate-un2,617104
Scate-un2,617151
Scate-un2,617152
Scate-un2,617158
Scate-un2,617161
Scate-un2,617164
Scate-un2,617181
Scate-un2,617184
Scate-un2,617191
Scate-un2,617196
Scate-un2,617203
Scate-un2,617204
Scate-un2,617209
Scate-un2,617211
Scate-un2,617216
Scate-un2,617233
Scate-un2,617242
Scate-un2,617252
Scate-un2,617262
Scate-un2,617263
Scate-un2,617271
Scate-un2,617289
Scate-un2,617302
Scate-un2,617302
Scate-un2,617307
Scate-un2,617312
Scate-un2,617314
Scate-un2,617325
Scate-un2,617370
Scate-un2,617397
Scate-un2,617398
Scate-un2,617406
Scate-un2,618720
Scate-un2,618723
Scate-un2,621188
Scate-un2,621192
Scate-un2,621432
Scate-un2,621780
Scate-un2,621797
Scate-un2,621909
Scate-un2,830465
Scate-un2,830601
Scate-un2,833796
Scate-un2,1319420
Scate-un2,1503743
Scate-un2,1667698
Scate-un2,1673233
Scate-un71,170356
Scate-un71,170357
Scate-un71,170360
Scate-un71,170368
Scate-un71,170401
Scate-un71,170413
Scate-un258,10146
Scate-un273,34047
Scate-un273,34056